Atlee-AI/Atlee-Extension,https://github.com/Atlee-AI/Atlee-Extension
Repositories,https://github.com/orgs/Atlee-AI/repositories
Atlee AI,https://github.com/Atlee-AI
Atlee-AI/Atlee-API,https://github.com/Atlee-AI/Atlee-API
New repository,https://github.com/organizations/Atlee-AI/repositories/new
Codespaces secrets 路 Atlee-AI/Atlee-Extension,https://github.com/Atlee-AI/Atlee-Extension/settings/secrets/codespaces
Atlee-Extension - Visual Studio Code,https://probable-space-adventure-q7qg959pr94pfx46r.github.dev/
Codespaces - probable space adventure,https://github.com/codespaces
Create new codespace,https://github.com/codespaces/new?skip_quickstart=true&machine=basicLinux32gb&repo=791390739&ref=main&geo=UsEast
Create new codespace,https://github.com/codespaces/new
Atlee-AI/Atlee-Extension,https://github.com/Atlee-AI/Atlee-Extension
Repositories,https://github.com/orgs/Atlee-AI/repositories
Atlee AI,https://github.com/Atlee-AI
Atlee-AI/Atlee-Extension,https://github.com/Atlee-AI/Atlee-Extension
Repositories,https://github.com/orgs/Atlee-AI/repositories
Atlee AI,https://github.com/Atlee-AI
Atlee-AI/Atlee-API,https://github.com/Atlee-AI/Atlee-API
New repository,https://github.com/organizations/Atlee-AI/repositories/new
Codespaces secrets 路 Atlee-AI/Atlee-Extension,https://github.com/Atlee-AI/Atlee-Extension/settings/secrets/codespaces
Atlee-Extension - Visual Studio Code,https://probable-space-adventure-q7qg959pr94pfx46r.github.dev/
Codespaces - probable space adventure,https://github.com/codespaces
Create new codespace,https://github.com/codespaces/new?skip_quickstart=true&machine=basicLinux32gb&repo=791390739&ref=main&geo=UsEast
Create new codespace,https://github.com/codespaces/new
Atlee-AI/Atlee-Extension,https://github.com/Atlee-AI/Atlee-Extension
Repositories,https://github.com/orgs/Atlee-AI/repositories
Atlee AI,https://github.com/Atlee-AI
Atlee-AI/Atlee-API,https://github.com/Atlee-AI/Atlee-API
New repository,https://github.com/organizations/Atlee-AI/repositories/new
Codespaces secrets 路 Atlee-AI/Atlee-Extension,https://github.com/Atlee-AI/Atlee-Extension/settings/secrets/codespaces
Atlee-Extension - Visual Studio Code,https://probable-space-adventure-q7qg959pr94pfx46r.github.dev/
Codespaces - probable space adventure,https://github.com/codespaces
Create new codespace,https://github.com/codespaces/new?skip_quickstart=true&machine=basicLinux32gb&repo=791390739&ref=main&geo=UsEast
Create new codespace,https://github.com/codespaces/new
Atlee-AI/Atlee-Extension,https://github.com/Atlee-AI/Atlee-Extension
Repositories,https://github.com/orgs/Atlee-AI/repositories
Atlee AI,https://github.com/Atlee-AI
Atlee-AI/Atlee-API,https://github.com/Atlee-AI/Atlee-API
New repository,https://github.com/organizations/Atlee-AI/repositories/new
Codespaces secrets 路 Atlee-AI/Atlee-Extension,https://github.com/Atlee-AI/Atlee-Extension/settings/secrets/codespaces
Atlee-Extension - Visual Studio Code,https://probable-space-adventure-q7qg959pr94pfx46r.github.dev/
Codespaces - probable space adventure,https://github.com/codespaces
Create new codespace,https://github.com/codespaces/new?skip_quickstart=true&machine=basicLinux32gb&repo=791390739&ref=main&geo=UsEast
Create new codespace,https://github.com/codespaces/new
